<?xml version="1.0" encoding="utf-8"?>
<eml:eml xmlns:eml="https://eml.ecoinformatics.org/eml-2.2.0" xmlns:xsi="http://www.w3.org/2001/XMLSchema-instance"
         xsi:schemaLocation="https://eml.ecoinformatics.org/eml-2.2.0 https://rs.gbif.org/schema/eml-gbif-profile/1.3/eml.xsd"
packageId="10.15468/dl.9k75hy"  system="http://gbif.org" scope="system"
xml:lang="en">
    <dataset>
        <alternateIdentifier>0001876-250121130708018</alternateIdentifier>
        <title>GBIF Occurrence Download 10.15468/dl.9k75hy</title>
        <creator>
            <individualName>
                <surName>GBIF Download Service</surName>
            </individualName>
            <electronicMailAddress>support@gbif.org</electronicMailAddress>
        </creator>
        <metadataProvider>
            <individualName>
                <surName>GBIF Download Service</surName>
            </individualName>
            <electronicMailAddress>support@gbif.org</electronicMailAddress>
        </metadataProvider>
        <pubDate>
                2025-01-22
        </pubDate>
        <language>ENGLISH</language>
        <abstract>
            A dataset containing all occurrences available in GBIF matching the query:
{
  "and" : [
    "Country is Kazakhstan",
    "TaxonKey is Acridotheres tristis (Linnaeus, 1766)"
  ]
}
The dataset includes records from the following constituent datasets. The full metadata for each constituent is also included in this archive:
2 records from Birds of Northern Eurasia
113 records from Observation.org, Nature data from around the World
1 records from Birds and Mammals Collections of the Zoological Museum of M.V. Lomonosov Moscow State University
112 records from RU-BIRDS.RU, Birds observations database from Russia and neighboring regions.  Zoological Museum of M.V. Lomonosov Moscow State University.
1 records from Vertebrates Collection of the Karaganda Buketov University Museum of Nature
1 records from Birda - Global Observation Dataset
2296 records from EOD – eBird Observation Dataset
1 records from Hatikka.fi observations
6 records from NABU|naturgucker
2 records from Xeno-canto - Bird sounds from around the world
1 records from Collection Aves (bird skeletons) SMF
364 records from iNaturalist Research-grade Observations

        </abstract>
        <contact>
            <individualName>
                <surName>GBIF Download Service</surName>
            </individualName>
            <electronicMailAddress>support@gbif.org</electronicMailAddress>
        </contact>

    </dataset>

    <additionalMetadata>
        <metadata>
            <gbif>
                <dateStamp>2025-01-22T21:10:39Z</dateStamp>
                <citation identifier="10.15468/dl.9k75hy">GBIF Occurrence Download 10.15468/dl.9k75hy</citation>
                <physical>
                    <objectName>Darwin Core Archive</objectName>
                    <characterEncoding>UTF-8</characterEncoding>
                    <dataFormat>
                        <externallyDefinedFormat>
                            <formatName>Darwin Core Archive</formatName>
                        </externallyDefinedFormat>
                    </dataFormat>
                    <distribution>
                        <online>
                            <url function="download">https://api.gbif.org/v1/occurrence/download/request/0001876-250121130708018.zip</url>
                        </online>
                    </distribution>
                </physical>
            </gbif>
        </metadata>
    </additionalMetadata>
    </eml:eml>
