<?xml version="1.0" encoding="utf-8"?>
<eml:eml xmlns:eml="https://eml.ecoinformatics.org/eml-2.2.0" xmlns:xsi="http://www.w3.org/2001/XMLSchema-instance"
         xsi:schemaLocation="https://eml.ecoinformatics.org/eml-2.2.0 https://rs.gbif.org/schema/eml-gbif-profile/1.3/eml.xsd"
packageId="b55aa7c5-26af-49d7-8a4c-c3f3d2e8b993"  system="http://gbif.org" scope="system"
xml:lang="en">
    <dataset>
        <alternateIdentifier>10.15468/4jepff</alternateIdentifier>
        <alternateIdentifier>https://ipt.ipae.uran.ru/resource?r=eggs_ipae</alternateIdentifier>
        <alternateIdentifier>b55aa7c5-26af-49d7-8a4c-c3f3d2e8b993</alternateIdentifier>
        <alternateIdentifier>http://gbif.ru:8080/ipt/resource?r=eggs_ipae</alternateIdentifier>
        <title>IPAE egg clutches collection (Aves)</title>
        <creator>
            <individualName>
                <givenName>Svetlana</givenName>
                <surName>Meshcheryagina</surName>
            </individualName>
            <organizationName>Institute of Plant and Animal Ecology of the Ural Branch of the Russian Academy of Sciences</organizationName>
            <positionName>Researcher</positionName>
            <address>
                <deliveryPoint>8th Marta str. 202</deliveryPoint>
                <city>Yekaterinburg</city>
                <postalCode>620144</postalCode>
                <country>RUSSIAN_FEDERATION</country>
            </address>
            <electronicMailAddress>meshcheryagina_sg@ipae.uran.ru</electronicMailAddress>
        </creator>
        <creator>
            <individualName>
                <givenName>Vadim</givenName>
                <surName>Ryabitsev</surName>
            </individualName>
            <organizationName>Institute of Plant and Animal Ecology of the Ural Branch of the Russian Academy of Sciences</organizationName>
            <positionName>Researcher</positionName>
            <address>
                <deliveryPoint>8th Marta str. 202</deliveryPoint>
                <city>Yekaterinburg</city>
                <postalCode>620144</postalCode>
                <country>RUSSIAN_FEDERATION</country>
            </address>
            <electronicMailAddress>riabits@yandex.ru</electronicMailAddress>
        </creator>
        <creator>
            <individualName>
                <givenName>Mikhail</givenName>
                <surName>Golovatin</surName>
            </individualName>
            <organizationName>Institute of Plant and Animal Ecology of the Ural Branch of the Russian Academy of Sciences</organizationName>
            <positionName>Researcher</positionName>
            <address>
                <deliveryPoint>8th Marta str. 202</deliveryPoint>
                <city>Yekaterinburg</city>
                <postalCode>620144</postalCode>
                <country>RUSSIAN_FEDERATION</country>
            </address>
            <electronicMailAddress>golovatin@ipae.uran.ru</electronicMailAddress>
        </creator>
        <creator>
            <individualName>
                <givenName>Nickolay</givenName>
                <surName>Erokhin</surName>
            </individualName>
            <organizationName>Institute of Plant and Animal Ecology of the Ural Branch of the Russian Academy of Sciences</organizationName>
            <positionName>Chief of Museum</positionName>
            <address>
                <city>Yekaterinburg</city>
                <postalCode>620144</postalCode>
                <country>RUSSIAN_FEDERATION</country>
            </address>
            <electronicMailAddress>eng@ipae.uran.ru</electronicMailAddress>
        </creator>
        <creator>
            <individualName>
                <givenName>Alex</givenName>
                <surName>Vorobiev</surName>
            </individualName>
            <organizationName>Institute of Plant and Animal Ecology of the Ural Branch of the Russian Academy of Sciences</organizationName>
            <positionName>Engineer</positionName>
            <address>
                <deliveryPoint>8th Marta str. 202</deliveryPoint>
                <city>Yekaterinburg</city>
                <postalCode>620144</postalCode>
                <country>RUSSIAN_FEDERATION</country>
            </address>
            <electronicMailAddress>eng@ipae.uran.ru</electronicMailAddress>
        </creator>
        <metadataProvider>
            <individualName>
                <givenName>Svetlana</givenName>
                <surName>Meshcheryagina</surName>
            </individualName>
            <organizationName>Institute of Plant and Animal Ecology of the Ural Branch of the Russian Academy of Sciences</organizationName>
            <positionName>Researcher</positionName>
            <address>
                <deliveryPoint>8th Marta str. 202</deliveryPoint>
                <city>Yekaterinburg</city>
                <postalCode>620144</postalCode>
                <country>RUSSIAN_FEDERATION</country>
            </address>
            <electronicMailAddress>meshcheryagina_sg@ipae.uran.ru</electronicMailAddress>
        </metadataProvider>
        <metadataProvider>
            <individualName>
                <givenName>Vadim</givenName>
                <surName>Ryabitsev</surName>
            </individualName>
            <organizationName>Institute of Plant and Animal Ecology of the Ural Branch of the Russian Academy of Sciences</organizationName>
            <positionName>Researcher</positionName>
            <address>
                <city>Yekaterinburg</city>
                <postalCode>620144</postalCode>
                <country>RUSSIAN_FEDERATION</country>
            </address>
            <electronicMailAddress>riabits@yandex.ru</electronicMailAddress>
        </metadataProvider>
        <metadataProvider>
            <individualName>
                <givenName>Mikhail</givenName>
                <surName>Golovatin</surName>
            </individualName>
            <organizationName>Institute of Plant and Animal Ecology of the Ural Branch of the Russian Academy of Sciences</organizationName>
            <positionName>Researcher</positionName>
            <address>
                <deliveryPoint>8th Marta str. 202</deliveryPoint>
                <city>Yekaterinburg</city>
                <postalCode>620144</postalCode>
                <country>RUSSIAN_FEDERATION</country>
            </address>
            <electronicMailAddress>golovatin@ipae.uran.ru</electronicMailAddress>
        </metadataProvider>
        <metadataProvider>
            <individualName>
                <givenName>Nickolay</givenName>
                <surName>Erokhin</surName>
            </individualName>
            <organizationName>Institute of Plant and Animal Ecology of the Ural Branch of the Russian Academy of Sciences</organizationName>
            <positionName>Chief of Museum</positionName>
            <address>
                <deliveryPoint>8th Marta str. 202</deliveryPoint>
                <city>Yekaterinburg</city>
                <postalCode>620144</postalCode>
                <country>RUSSIAN_FEDERATION</country>
            </address>
            <electronicMailAddress>eng@ipae.uran.ru</electronicMailAddress>
        </metadataProvider>
        <associatedParty>
            <individualName>
                <givenName>Denis</givenName>
                <surName>Veselkin</surName>
            </individualName>
            <organizationName>Institute of Plant and Animal Ecology of the Ural Branch of the Russian Academy of Sciences</organizationName>
            <positionName>Deputy Director</positionName>
            <address>
                <deliveryPoint>8th Marta str. 202</deliveryPoint>
                <city>Yekaterinburg</city>
                <postalCode>620144</postalCode>
                <country>RUSSIAN_FEDERATION</country>
            </address>
            <phone>+73432103858+1127</phone>
            <electronicMailAddress>veselkin_dv@ipae.uran.ru</electronicMailAddress>
            <userId directory="http://orcid.org/">0000-0002-2902-2903</userId>
            <role>CURATOR</role>
        </associatedParty>
        <associatedParty>
            <individualName>
                <givenName>Natalya</givenName>
                <surName>Ivanova</surName>
            </individualName>
            <organizationName>Institute of Mathematical Problems of Biology RAS</organizationName>
            <address>
                <deliveryPoint>1, Vitkevicha str. Pushchino, Moscow Region</deliveryPoint>
                <city>Pushchino</city>
                <postalCode>142290</postalCode>
                <country>RUSSIAN_FEDERATION</country>
            </address>
            <electronicMailAddress>natalya.dryomys@gmail.com</electronicMailAddress>
            <userId directory="http://orcid.org/">0000-0003-4199-5924</userId>
            <role>PROGRAMMER</role>
        </associatedParty>
        <pubDate>
                2022-02-21
        </pubDate>
        <language>ENGLISH</language>
        <abstract>
            <para>Information about the collection of bird egg clutches (Aves) stored in the Museum of the Institute of Plant and Animal Ecology of the Ural Branch of the Russian Academy of Sciences (Museum of IPAE) is presented. The data was obtained from nesting cards, and the information for each sample was georeferenced with an approximate accuracy of 1 km. Eggs of the nest parasite Cuculus canorus (Linnaeus, 1758) found in three clutches (IPAE0463276, IPAE0463277, IPAE0463281).</para>
<para>Представлена информация о коллекции кладок яиц птиц (Aves), хранящихся в Музее Института экологии растений и животных Уральского отделения Российской Академии наук (Музей ИЭРиЖ УрО РАН). Данные были получены из гнездовых карточек, и информация о каждом образце была привязана к географическим координатам с приблизительной точностью 1 км. В трех кладках (IPAE0463276, IPAE0463277, IPAE0463281) найдены яйца гнездового паразита Cuculus canorus (Linnaeus, 1758).</para>
        </abstract>
        <keywordSet>
            <keyword>Occurrence</keyword>
            <keywordThesaurus>GBIF Dataset Type Vocabulary: http://rs.gbif.org/vocabulary/gbif/dataset_type_2015-07-10.xml</keywordThesaurus>
        </keywordSet>
        <intellectualRights>
            <para>This work is licensed under a <ulink url="http://creativecommons.org/licenses/by/4.0/legalcode"><citetitle>Creative Commons Attribution (CC-BY) 4.0 License</citetitle></ulink>.</para>
        </intellectualRights>
        <licensed>
            <licenseName>Creative Commons Attribution 4.0 International</licenseName>
            <url>https://spdx.org/licenses/CC-BY-4.0.html</url>
            <identifier>CC-BY-4.0</identifier>
        </licensed>
        <distribution scope="document">
            <online>
                <url function="download">https://ipt.ipae.uran.ru/archive.do?r=eggs_ipae</url>
            </online>
        </distribution>
        <coverage>
            <geographicCoverage>
                <geographicDescription>The clutches collected mostly from West Siberia, Urals, Ukraine, Uzbekistan, Kazakhstan, Turkmenistan and Caucasus.</geographicDescription>
                <boundingCoordinates>
                    <westBoundingCoordinate>-180</westBoundingCoordinate>
                    <eastBoundingCoordinate>180</eastBoundingCoordinate>
                    <northBoundingCoordinate>90</northBoundingCoordinate>
                    <southBoundingCoordinate>-90</southBoundingCoordinate>
                </boundingCoordinates>
            </geographicCoverage>
            <taxonomicCoverage>
                <taxonomicClassification>
                    <taxonRankName>Class</taxonRankName>
                    <taxonRankValue>Aves</taxonRankValue>
                    <commonName>Birds | Птицы</commonName>
                </taxonomicClassification>
            </taxonomicCoverage>
        </coverage>
        <maintenance>
            <description>
                <para></para>
            </description>
            <maintenanceUpdateFrequency>unkown</maintenanceUpdateFrequency>
        </maintenance>
        <contact>
            <individualName>
                <givenName>Svetlana</givenName>
                <surName>Meshcheryagina</surName>
            </individualName>
            <organizationName>Institute of Plant and Animal Ecology of the Ural Branch of the Russian Academy of Sciences</organizationName>
            <positionName>Researcher</positionName>
            <address>
                <deliveryPoint>8th Marta str. 202</deliveryPoint>
                <city>Yekaterinburg</city>
                <postalCode>620144</postalCode>
                <country>RUSSIAN_FEDERATION</country>
            </address>
            <electronicMailAddress>meshcheryagina_sg@ipae.uran.ru</electronicMailAddress>
        </contact>

    </dataset>

    <additionalMetadata>
        <metadata>
            <gbif>
                <dateStamp>2025-01-22T20:21:29Z</dateStamp>
                <citation>Meshcheryagina S, Ryabitsev V, Golovatin M, Erokhin N, Vorobiev A (2022). IPAE egg clutches collection (Aves). Version 1.1. Institute of Plant and Animal Ecology (IPAE). Occurrence dataset https://doi.org/10.15468/4jepff accessed via GBIF.org on 2025-01-22.</citation>
                <resourceLogoUrl>https://ipae.uran.ru/sites/all/themes/nendo_zen/logo.png</resourceLogoUrl>
                <formationPeriod>1886–2020</formationPeriod>
            </gbif>
        </metadata>
    </additionalMetadata>
    </eml:eml>
