<?xml version="1.0" encoding="utf-8"?>
<eml:eml xmlns:eml="https://eml.ecoinformatics.org/eml-2.2.0" xmlns:xsi="http://www.w3.org/2001/XMLSchema-instance"
         xsi:schemaLocation="https://eml.ecoinformatics.org/eml-2.2.0 https://rs.gbif.org/schema/eml-gbif-profile/1.3/eml.xsd"
packageId="10.15468/dl.dgn6g3"  system="http://gbif.org" scope="system"
xml:lang="en">
    <dataset>
        <alternateIdentifier>0001858-250121130708018</alternateIdentifier>
        <title>GBIF Occurrence Download 10.15468/dl.dgn6g3</title>
        <creator>
            <individualName>
                <surName>GBIF Download Service</surName>
            </individualName>
            <electronicMailAddress>support@gbif.org</electronicMailAddress>
        </creator>
        <metadataProvider>
            <individualName>
                <surName>GBIF Download Service</surName>
            </individualName>
            <electronicMailAddress>support@gbif.org</electronicMailAddress>
        </metadataProvider>
        <pubDate>
                2025-01-22
        </pubDate>
        <language>ENGLISH</language>
        <abstract>
            A dataset containing all occurrences available in GBIF matching the query:
{
  "and" : [
    "Country is Kazakhstan",
    "TaxonKey is Milvus migrans (Boddaert, 1783)"
  ]
}
The dataset includes records from the following constituent datasets. The full metadata for each constituent is also included in this archive:
10 records from Birds of Northern Eurasia
42 records from Observation.org, Nature data from around the World
16 records from Birds and Mammals Collections of the Zoological Museum of M.V. Lomonosov Moscow State University
147 records from RU-BIRDS.RU, Birds observations database from Russia and neighboring regions.  Zoological Museum of M.V. Lomonosov Moscow State University.
2495 records from EOD – eBird Observation Dataset
3 records from Hatikka.fi observations
1 records from NABU|naturgucker
1 records from Xeno-canto - Bird sounds from around the world
61 records from Raptors of the World
214 records from iNaturalist Research-grade Observations

        </abstract>
        <contact>
            <individualName>
                <surName>GBIF Download Service</surName>
            </individualName>
            <electronicMailAddress>support@gbif.org</electronicMailAddress>
        </contact>

    </dataset>

    <additionalMetadata>
        <metadata>
            <gbif>
                <dateStamp>2025-01-22T20:22:00Z</dateStamp>
                <citation identifier="10.15468/dl.dgn6g3">GBIF Occurrence Download 10.15468/dl.dgn6g3</citation>
                <physical>
                    <objectName>Darwin Core Archive</objectName>
                    <characterEncoding>UTF-8</characterEncoding>
                    <dataFormat>
                        <externallyDefinedFormat>
                            <formatName>Darwin Core Archive</formatName>
                        </externallyDefinedFormat>
                    </dataFormat>
                    <distribution>
                        <online>
                            <url function="download">https://api.gbif.org/v1/occurrence/download/request/0001858-250121130708018.zip</url>
                        </online>
                    </distribution>
                </physical>
            </gbif>
        </metadata>
    </additionalMetadata>
    </eml:eml>
