<?xml version="1.0" encoding="utf-8"?>
<eml:eml xmlns:eml="https://eml.ecoinformatics.org/eml-2.2.0" xmlns:xsi="http://www.w3.org/2001/XMLSchema-instance"
         xsi:schemaLocation="https://eml.ecoinformatics.org/eml-2.2.0 https://rs.gbif.org/schema/eml-gbif-profile/1.3/eml.xsd"
packageId="10.15468/dl.4wh8db"  system="http://gbif.org" scope="system"
xml:lang="en">
    <dataset>
        <alternateIdentifier>0001857-250121130708018</alternateIdentifier>
        <title>GBIF Occurrence Download 10.15468/dl.4wh8db</title>
        <creator>
            <individualName>
                <surName>GBIF Download Service</surName>
            </individualName>
            <electronicMailAddress>support@gbif.org</electronicMailAddress>
        </creator>
        <metadataProvider>
            <individualName>
                <surName>GBIF Download Service</surName>
            </individualName>
            <electronicMailAddress>support@gbif.org</electronicMailAddress>
        </metadataProvider>
        <pubDate>
                2025-01-22
        </pubDate>
        <language>ENGLISH</language>
        <abstract>
            A dataset containing all occurrences available in GBIF matching the query:
{
  "and" : [
    "Country is Kazakhstan",
    "TaxonKey is Parus major Linnaeus, 1758"
  ]
}
The dataset includes records from the following constituent datasets. The full metadata for each constituent is also included in this archive:
1 records from International Barcode of Life project (iBOL)
3 records from Birds of Northern Eurasia
39 records from Birds and Mammals Collections of the Zoological Museum of M.V. Lomonosov Moscow State University
1 records from IPAE egg clutches collection (Aves)
4 records from Museum of Comparative Zoology, Harvard University
2621 records from EOD – eBird Observation Dataset
5 records from NABU|naturgucker
34 records from Xeno-canto - Bird sounds from around the world
5 records from INSDC Sequences
5 records from UWBM Ornithology Collection
46 records from Observation.org, Nature data from around the World
134 records from RU-BIRDS.RU, Birds observations database from Russia and neighboring regions.  Zoological Museum of M.V. Lomonosov Moscow State University.
4 records from Academy of Natural Sciences of Philadelphia Ornithology Collection
1 records from Vertebrates of the Gothenburg Natural History Museum (GNM)
44 records from Hatikka.fi observations
238 records from iNaturalist Research-grade Observations

        </abstract>
        <contact>
            <individualName>
                <surName>GBIF Download Service</surName>
            </individualName>
            <electronicMailAddress>support@gbif.org</electronicMailAddress>
        </contact>

    </dataset>

    <additionalMetadata>
        <metadata>
            <gbif>
                <dateStamp>2025-01-22T20:21:31Z</dateStamp>
                <citation identifier="10.15468/dl.4wh8db">GBIF Occurrence Download 10.15468/dl.4wh8db</citation>
                <physical>
                    <objectName>Darwin Core Archive</objectName>
                    <characterEncoding>UTF-8</characterEncoding>
                    <dataFormat>
                        <externallyDefinedFormat>
                            <formatName>Darwin Core Archive</formatName>
                        </externallyDefinedFormat>
                    </dataFormat>
                    <distribution>
                        <online>
                            <url function="download">https://api.gbif.org/v1/occurrence/download/request/0001857-250121130708018.zip</url>
                        </online>
                    </distribution>
                </physical>
            </gbif>
        </metadata>
    </additionalMetadata>
    </eml:eml>
