<?xml version="1.0" encoding="utf-8"?>
<eml:eml xmlns:eml="https://eml.ecoinformatics.org/eml-2.2.0" xmlns:xsi="http://www.w3.org/2001/XMLSchema-instance"
         xsi:schemaLocation="https://eml.ecoinformatics.org/eml-2.2.0 https://rs.gbif.org/schema/eml-gbif-profile/1.3/eml.xsd"
packageId="95f572da-a3a9-4706-bccb-03521079a520"  system="http://gbif.org" scope="system"
xml:lang="en">
    <dataset>
        <alternateIdentifier>10.15468/hmqxgv</alternateIdentifier>
        <alternateIdentifier>95f572da-a3a9-4706-bccb-03521079a520</alternateIdentifier>
        <alternateIdentifier>http://gbif.ru:8080/ipt/resource?r=russiabirds</alternateIdentifier>
        <title>Birds of Northern Eurasia</title>
        <creator>
            <individualName>
                <givenName>Igor</givenName>
                <surName>Karyakin</surName>
            </individualName>
            <organizationName>Sibecocenter LLC / RRRCN</organizationName>
            <address>
                <city>Nizhniy Novgorod</city>
                <country>RUSSIAN_FEDERATION</country>
            </address>
            <electronicMailAddress>ikar_research@mail.ru</electronicMailAddress>
            <onlineUrl>http://rrrcn.ru/ru/archives/13916</onlineUrl>
            <userId directory="http://orcid.org/">0000-0002-4543-1870</userId>
        </creator>
        <creator>
            <individualName>
                <givenName>Daniil</givenName>
                <surName>Kamenskiy</surName>
            </individualName>
            <organizationName>BIT LLC</organizationName>
            <address>
                <city>Moscow</city>
                <country>RUSSIAN_FEDERATION</country>
            </address>
            <electronicMailAddress>wildlifemonitoring2013@gmail.com</electronicMailAddress>
        </creator>
        <creator>
            <individualName>
                <givenName>Eugene</givenName>
                <surName>Grachev</surName>
            </individualName>
            <organizationName>Panoptica LLC</organizationName>
            <address>
                <city>Novosibirsk</city>
                <country>RUSSIAN_FEDERATION</country>
            </address>
            <electronicMailAddress>grea@yandex.ru</electronicMailAddress>
        </creator>
        <metadataProvider>
            <individualName>
                <givenName>Elena</givenName>
                <surName>Shnayder</surName>
            </individualName>
            <organizationName>Sibecocenter LLC / RRRCN</organizationName>
            <address>
                <city>Novosibirsk</city>
                <country>RUSSIAN_FEDERATION</country>
            </address>
            <electronicMailAddress>equ001@gmail.com</electronicMailAddress>
        </metadataProvider>
        <metadataProvider>
            <individualName>
                <givenName>Alexey</givenName>
                <surName>Ebel</surName>
            </individualName>
            <organizationName>Altai Nature</organizationName>
            <address>
                <city>Barnaul</city>
                <country>RUSSIAN_FEDERATION</country>
            </address>
            <electronicMailAddress>alexey_ebel@mail.ru</electronicMailAddress>
        </metadataProvider>
        <metadataProvider>
            <individualName>
                <givenName>Dmitriy</givenName>
                <surName>Shtol</surName>
            </individualName>
            <address>
                <city>Novosibirsk</city>
                <country>RUSSIAN_FEDERATION</country>
            </address>
            <electronicMailAddress>d.shtol@gmail.com</electronicMailAddress>
        </metadataProvider>
        <metadataProvider>
            <individualName>
                <givenName>Victor</givenName>
                <surName>Mashkov</surName>
            </individualName>
            <address>
                <city>Novosibirsk</city>
                <country>RUSSIAN_FEDERATION</country>
            </address>
            <electronicMailAddress>vikmashkov@mail.ru</electronicMailAddress>
        </metadataProvider>
        <associatedParty>
            <individualName>
                <givenName>Igor</givenName>
                <surName>Karyakin</surName>
            </individualName>
            <electronicMailAddress>ikar_research@mail.ru</electronicMailAddress>
            <role>EDITOR</role>
        </associatedParty>
        <associatedParty>
            <individualName>
                <givenName>Elena</givenName>
                <surName>Shnayder</surName>
            </individualName>
            <organizationName>Sibecocenter LLC / RRRCN</organizationName>
            <address>
                <city>Novosibirsk</city>
                <country>RUSSIAN_FEDERATION</country>
            </address>
            <electronicMailAddress>equ001@gmail.com</electronicMailAddress>
            <role>CURATOR</role>
        </associatedParty>
        <pubDate>
                2020-05-02
        </pubDate>
        <language>RUSSIAN</language>
        <abstract>
            Observations of birds were collected in the framework of the Faunistics program of the Russian community of birdwatchers coordinated by the Novosibirsk Branch of the Russian Bird Conservation Union
        </abstract>
        <keywordSet>
            <keyword>Occurrence
Birds</keyword>
            <keywordThesaurus>GBIF Dataset Type Vocabulary: http://rs.gbif.org/vocabulary/gbif/dataset_type.xml</keywordThesaurus>
        </keywordSet>
        <keywordSet>
            <keyword>Observation
Birds</keyword>
            <keywordThesaurus>GBIF Dataset Subtype Vocabulary: http://rs.gbif.org/vocabulary/gbif/dataset_subtype.xml</keywordThesaurus>
        </keywordSet>
        <intellectualRights>
            <para>This work is licensed under a <ulink url="http://creativecommons.org/licenses/by-nc/4.0/legalcode"><citetitle>Creative Commons Attribution Non Commercial (CC-BY-NC) 4.0 License</citetitle></ulink>.</para>
        </intellectualRights>
        <licensed>
            <licenseName>Creative Commons Attribution Non Commercial 4.0 International</licenseName>
            <url>https://spdx.org/licenses/CC-BY-NC-4.0.html</url>
            <identifier>CC-BY-NC-4.0</identifier>
        </licensed>
        <distribution scope="document">
            <online>
                <url function="information">http://russiabirds.wildlifemonitoring.ru</url>
            </online>
        </distribution>
        <distribution scope="document">
            <online>
                <url function="download">http://gbif.ru:8080/ipt/archive.do?r=russiabirds</url>
            </online>
        </distribution>
        <coverage>
            <geographicCoverage>
                <geographicDescription>The countries of the former USSR</geographicDescription>
                <boundingCoordinates>
                    <westBoundingCoordinate>37.969</westBoundingCoordinate>
                    <eastBoundingCoordinate>163.125</eastBoundingCoordinate>
                    <northBoundingCoordinate>75.141</northBoundingCoordinate>
                    <southBoundingCoordinate>47.99</southBoundingCoordinate>
                </boundingCoordinates>
            </geographicCoverage>
            <temporalCoverage>
                <rangeOfDates>
                    <beginDate>
                        <calendarDate>                1978-05-01
</calendarDate>
                    </beginDate>
                    <endDate>
                        <calendarDate>                2018-10-02
</calendarDate>
                    </endDate>
                </rangeOfDates>
            </temporalCoverage>
            <taxonomicCoverage>
                <generalTaxonomicCoverage>Birds</generalTaxonomicCoverage>
                <taxonomicClassification>
                    <taxonRankName>Class</taxonRankName>
                    <taxonRankValue>Aves</taxonRankValue>
                    <commonName>Birds</commonName>
                </taxonomicClassification>
            </taxonomicCoverage>
        </coverage>
        <purpose><para>Web GIS “Faunistics” is an interactive system of input and display of data about encountered raptors and photo bank of observations.</para></purpose>
        <maintenance>
            <description>
                <para>Daily replenishment of data</para>
            </description>
            <maintenanceUpdateFrequency>irregular</maintenanceUpdateFrequency>
        </maintenance>
        <contact>
            <individualName>
                <givenName>Elena</givenName>
                <surName>Shnayder</surName>
            </individualName>
            <organizationName>Sibecocenter LLC / RRRCN</organizationName>
            <address>
                <city>Novosibirsk</city>
                <country>RUSSIAN_FEDERATION</country>
            </address>
            <electronicMailAddress>equ001@gmail.com</electronicMailAddress>
        </contact>

            <project id="Russia-02">
                <title>Supporting data mobilization activities in Russia west of Ural mountains</title>
                <personnel>
                    <individualName>
                    <givenName>Igor</givenName>
                    <surName>Karyakin</surName>
                    </individualName>
            <userId directory="http://orcid.org/">0000-0002-4543-1870</userId>
                    <role>EDITOR</role>
                </personnel>
                <personnel>
                    <individualName>
                    <givenName>Natalya</givenName>
                    <surName>Ivanova</surName>
                    </individualName>
                    <role>CURATOR</role>
                </personnel>
                <abstract>
                    <para></para>
                </abstract>
                <funding>
                    <para></para>
                </funding>
            </project>
    </dataset>

    <additionalMetadata>
        <metadata>
            <gbif>
                <dateStamp>2025-01-22T21:10:51Z</dateStamp>
                <citation>Karyakin I, Kamenskiy D, Grachev E, Shnayder E, Ebel A, Shtol D, Mashkov V (2020). Birds of Northern Eurasia. Version 1.3. Sibecocenter LLC. Occurrence dataset https://doi.org/10.15468/hmqxgv accessed via GBIF.org on 2025-01-22.</citation>
                <physical>
                    <objectName>Web-GIS Faunistics</objectName>
                    <characterEncoding>UTF-8</characterEncoding>
                    <dataFormat>
                        <externallyDefinedFormat>
                            <formatName>on-line</formatName>
                            <formatVersion>2018</formatVersion>
                        </externallyDefinedFormat>
                    </dataFormat>
                    <distribution>
                        <online>
                            <url function="download">http://russiabirds.wildlifemonitoring.ru</url>
                        </online>
                    </distribution>
                </physical>
                <resourceLogoUrl>http://wildlifemonitoring.ru/images/quad/russiabirds_ru.png</resourceLogoUrl>
            </gbif>
        </metadata>
    </additionalMetadata>
    </eml:eml>
