<?xml version="1.0" encoding="utf-8"?>
<eml:eml xmlns:eml="https://eml.ecoinformatics.org/eml-2.2.0" xmlns:xsi="http://www.w3.org/2001/XMLSchema-instance"
         xsi:schemaLocation="https://eml.ecoinformatics.org/eml-2.2.0 https://rs.gbif.org/schema/eml-gbif-profile/1.3/eml.xsd"
packageId="b941d3d1-964e-47dc-a3e7-f8edb144e051"  system="http://gbif.org" scope="system"
xml:lang="en">
    <dataset>
        <alternateIdentifier>10.15468/fggsfn</alternateIdentifier>
        <alternateIdentifier>b941d3d1-964e-47dc-a3e7-f8edb144e051</alternateIdentifier>
        <alternateIdentifier>http://gbif.ru:8080/ipt/resource?r=raptors</alternateIdentifier>
        <title>Raptors of the World</title>
        <creator>
            <individualName>
                <givenName>Igor</givenName>
                <surName>Karyakin</surName>
            </individualName>
            <organizationName>Sibecocenter LLC / RRRCN</organizationName>
            <address>
                <city>Nizhniy Novgorod</city>
                <country>RUSSIAN_FEDERATION</country>
            </address>
            <electronicMailAddress>ikar_research@mail.ru</electronicMailAddress>
            <onlineUrl>http://rrrcn.ru/ru/archives/13916</onlineUrl>
            <userId directory="http://orcid.org/">0000-0002-4543-1870</userId>
        </creator>
        <creator>
            <individualName>
                <givenName>Daniil</givenName>
                <surName>Kamenskiy</surName>
            </individualName>
            <organizationName>BIT LLC</organizationName>
            <address>
                <city>Moscow</city>
                <country>RUSSIAN_FEDERATION</country>
            </address>
            <electronicMailAddress>wildlifemonitoring2013@gmail.com</electronicMailAddress>
        </creator>
        <creator>
            <individualName>
                <givenName>Eugene</givenName>
                <surName>Grachev</surName>
            </individualName>
            <organizationName>Panoptica LLC</organizationName>
            <address>
                <city>Novosibirsk</city>
                <country>RUSSIAN_FEDERATION</country>
            </address>
            <electronicMailAddress>grea@yandex.ru</electronicMailAddress>
        </creator>
        <metadataProvider>
            <individualName>
                <givenName>Igor</givenName>
                <surName>Karyakin</surName>
            </individualName>
            <organizationName>Sibecocenter LLC / RRRCN</organizationName>
            <address>
                <country>RUSSIAN_FEDERATION</country>
            </address>
            <electronicMailAddress>ikar_research@mail.ru</electronicMailAddress>
            <onlineUrl>http://rrrcn.ru/ru/archives/13916</onlineUrl>
            <userId directory="http://orcid.org/">0000-0002-4543-1870</userId>
        </metadataProvider>
        <metadataProvider>
            <individualName>
                <givenName>Rinur</givenName>
                <surName>Bekmansurov</surName>
            </individualName>
            <organizationName>National Park “Nizhnyaya Kama”</organizationName>
            <address>
                <city>Elabuga</city>
                <country>RUSSIAN_FEDERATION</country>
            </address>
            <electronicMailAddress>rinur@yandex.ru</electronicMailAddress>
        </metadataProvider>
        <metadataProvider>
            <individualName>
                <givenName>Sergey</givenName>
                <surName>Vazhov</surName>
            </individualName>
            <organizationName>The Shukshin Altai State Humanities Pedagogical University</organizationName>
            <address>
                <city>Biysk</city>
                <country>RUSSIAN_FEDERATION</country>
            </address>
            <electronicMailAddress>aquila-altai@mail.ru</electronicMailAddress>
        </metadataProvider>
        <metadataProvider>
            <individualName>
                <givenName>Anna</givenName>
                <surName>Barashkova</surName>
            </individualName>
            <organizationName>Sibecocenter LLC / RRRCN</organizationName>
            <address>
                <city>Novosibirsk</city>
                <country>RUSSIAN_FEDERATION</country>
            </address>
            <electronicMailAddress>yazula@yandex.ru</electronicMailAddress>
        </metadataProvider>
        <metadataProvider>
            <individualName>
                <givenName>Elena</givenName>
                <surName>Shnayder</surName>
            </individualName>
            <organizationName>Sibecocenter LLC / RRRCN</organizationName>
            <address>
                <city>Novosibirsk</city>
                <country>RUSSIAN_FEDERATION</country>
            </address>
            <electronicMailAddress>equ001@gmail.com</electronicMailAddress>
        </metadataProvider>
        <metadataProvider>
            <individualName>
                <givenName>Aleksey</givenName>
                <surName>Ebel</surName>
            </individualName>
            <organizationName>Altai Nature</organizationName>
            <address>
                <city>Barnaul</city>
                <country>RUSSIAN_FEDERATION</country>
            </address>
            <electronicMailAddress>alexey_ebel@mail.ru</electronicMailAddress>
        </metadataProvider>
        <metadataProvider>
            <individualName>
                <givenName>Dmitriy</givenName>
                <surName>Shtol</surName>
            </individualName>
            <organizationName>Novosibirsk Branch of the Russian Bird Conservation Union</organizationName>
            <address>
                <city>Novosibirsk</city>
                <country>RUSSIAN_FEDERATION</country>
            </address>
            <electronicMailAddress>d.shtol@gmail.com</electronicMailAddress>
        </metadataProvider>
        <metadataProvider>
            <individualName>
                <givenName>Andrey</givenName>
                <surName>Kovalenko</surName>
            </individualName>
            <organizationName>Kazecoproject LLC</organizationName>
            <address>
                <city>Almaty</city>
                <country>KAZAKHSTAN</country>
            </address>
            <electronicMailAddress>akoval69@mail.ru</electronicMailAddress>
        </metadataProvider>
        <metadataProvider>
            <individualName>
                <givenName>Elvira</givenName>
                <surName>Nikolenko</surName>
            </individualName>
            <organizationName>Sibecocenter LLC / RRRCN</organizationName>
            <address>
                <city>Novosibirsk</city>
                <country>RUSSIAN_FEDERATION</country>
            </address>
            <electronicMailAddress>elnik2007@ya.ru</electronicMailAddress>
        </metadataProvider>
        <metadataProvider>
            <individualName>
                <givenName>Vasiliy</givenName>
                <surName>Pchelintsev</surName>
            </individualName>
            <organizationName>JSC «Ecoproject»</organizationName>
            <address>
                <city>St. Petersburg</city>
                <country>RUSSIAN_FEDERATION</country>
            </address>
            <electronicMailAddress>acervapis@gmail.com</electronicMailAddress>
        </metadataProvider>
        <metadataProvider>
            <individualName>
                <givenName>Vasiliy</givenName>
                <surName>Fedorenko</surName>
            </individualName>
            <address>
                <city>Almaty</city>
                <country>KAZAKHSTAN</country>
            </address>
            <electronicMailAddress>arthey@mail.ru</electronicMailAddress>
        </metadataProvider>
        <metadataProvider>
            <individualName>
                <givenName>Pavel</givenName>
                <surName>Shukov</surName>
            </individualName>
            <organizationName>Nizhegorodskoe Branch of the Russian Bird Conservation Union</organizationName>
            <address>
                <city>Nizhniy Novgorod</city>
                <country>RUSSIAN_FEDERATION</country>
            </address>
            <electronicMailAddress>shukov.pm@yandex.ru</electronicMailAddress>
        </metadataProvider>
        <associatedParty>
            <individualName>
                <givenName>Igor</givenName>
                <surName>Karyakin</surName>
            </individualName>
            <organizationName>Sibecocenter LLC / RRRCN</organizationName>
            <address>
                <country>RUSSIAN_FEDERATION</country>
            </address>
            <electronicMailAddress>ikar_research@mail.ru</electronicMailAddress>
            <userId directory="http://orcid.org/">0000-0002-4543-1870</userId>
            <role>CURATOR</role>
        </associatedParty>
        <pubDate>
                2020-05-02
        </pubDate>
        <language>RUSSIAN</language>
        <abstract>
            Observations of birds of prey and owls were collected during the Faunistics program of the Russian Raptor Research and Conservation Network
        </abstract>
        <keywordSet>
            <keyword>Occurrence
Raptors
Birds of prey
Owls</keyword>
            <keywordThesaurus>GBIF Dataset Type Vocabulary: http://rs.gbif.org/vocabulary/gbif/dataset_type.xml</keywordThesaurus>
        </keywordSet>
        <keywordSet>
            <keyword>Observation
Raptors
Birds of prey
Owls</keyword>
            <keywordThesaurus>GBIF Dataset Subtype Vocabulary: http://rs.gbif.org/vocabulary/gbif/dataset_subtype.xml</keywordThesaurus>
        </keywordSet>
        <intellectualRights>
            <para>This work is licensed under a <ulink url="http://creativecommons.org/licenses/by-nc/4.0/legalcode"><citetitle>Creative Commons Attribution Non Commercial (CC-BY-NC) 4.0 License</citetitle></ulink>.</para>
        </intellectualRights>
        <licensed>
            <licenseName>Creative Commons Attribution Non Commercial 4.0 International</licenseName>
            <url>https://spdx.org/licenses/CC-BY-NC-4.0.html</url>
            <identifier>CC-BY-NC-4.0</identifier>
        </licensed>
        <distribution scope="document">
            <online>
                <url function="information">http://raptors.wildlifemonitoring.ru</url>
            </online>
        </distribution>
        <distribution scope="document">
            <online>
                <url function="download">http://gbif.ru:8080/ipt/archive.do?r=raptors</url>
            </online>
        </distribution>
        <coverage>
            <geographicCoverage>
                <geographicDescription>Global coverage but the main observations are made in Northern Eurasia</geographicDescription>
                <boundingCoordinates>
                    <westBoundingCoordinate>-2.812</westBoundingCoordinate>
                    <eastBoundingCoordinate>156.094</eastBoundingCoordinate>
                    <northBoundingCoordinate>75.845</northBoundingCoordinate>
                    <southBoundingCoordinate>-11.178</southBoundingCoordinate>
                </boundingCoordinates>
            </geographicCoverage>
            <temporalCoverage>
                <rangeOfDates>
                    <beginDate>
                        <calendarDate>                1977-07-01
</calendarDate>
                    </beginDate>
                    <endDate>
                        <calendarDate>                2018-10-02
</calendarDate>
                    </endDate>
                </rangeOfDates>
            </temporalCoverage>
            <taxonomicCoverage>
                <generalTaxonomicCoverage>Observations of raptors made in the framework of the Faunistics program of the Russian Raptor Research and Conservation Network</generalTaxonomicCoverage>
                <taxonomicClassification>
                    <taxonRankName>Order</taxonRankName>
                    <taxonRankValue>Accipitriformes</taxonRankValue>
                    <commonName>hawks, eagles, vultures</commonName>
                </taxonomicClassification>
                <taxonomicClassification>
                    <taxonRankName>Order</taxonRankName>
                    <taxonRankValue>Falconiformes</taxonRankValue>
                    <commonName>falcons, kestrels and falconets</commonName>
                </taxonomicClassification>
                <taxonomicClassification>
                    <taxonRankName>Order</taxonRankName>
                    <taxonRankValue>Strigiformes</taxonRankValue>
                    <commonName>owls</commonName>
                </taxonomicClassification>
            </taxonomicCoverage>
        </coverage>
        <purpose><para>Web GIS “Faunistics” is an interactive system of input and display of data about encountered raptors and photo bank of observations.</para></purpose>
        <maintenance>
            <description>
                <para>Daily replenishment of data</para>
            </description>
            <maintenanceUpdateFrequency>irregular</maintenanceUpdateFrequency>
        </maintenance>
        <contact>
            <individualName>
                <givenName>Igor</givenName>
                <surName>Karyakin</surName>
            </individualName>
            <organizationName>Sibecocenter LLC / RRRCN</organizationName>
            <address>
                <country>RUSSIAN_FEDERATION</country>
            </address>
            <electronicMailAddress>ikar_research@mail.ru</electronicMailAddress>
            <onlineUrl>http://rrrcn.ru/ru/archives/13916</onlineUrl>
            <userId directory="http://orcid.org/">0000-0002-4543-1870</userId>
        </contact>

            <project >
                <title>Faunistics</title>
                <personnel>
                    <individualName>
                    <givenName>Igor</givenName>
                    <surName>Karyakin</surName>
                    </individualName>
            <userId directory="http://orcid.org/">0000-0002-4543-1870</userId>
                    <role>CURATOR</role>
                </personnel>
                <abstract>
                    <para>Under the programme all the information about encountered raptors are collected, it allows to clarify the species ranges and dates of their being at the territory, covered by surveys of members of the Russian Raptor Research and Conservation Network and other frendly organizations.
Birdwatchers and photographers, who share their observation, help very much in the realization of the programme.</para>
                </abstract>
                <funding>
                    <para>Global Greengrants Fund
Альянс Экодело</para>
                </funding>
                <designDescription>
                    <description>
                        <para>Crowdsourcing collection of information on raptors and monitoring program for rare species of raptors of the Russian Raptor Research and Conservation Network</para>
                    </description>
                </designDescription>
            </project>
    </dataset>

    <additionalMetadata>
        <metadata>
            <gbif>
                <dateStamp>2025-01-22T20:22:00Z</dateStamp>
                <citation>Karyakin I, Kamenskiy D, Grachev E, Bekmansurov R, Vazhov S, Barashkova A, Shnayder E, Ebel A, Shtol D, Kovalenko A, Nikolenko E, Pchelintsev V, Fedorenko V, Shukov P (2020). Raptors of the World. Version 1.11. Sibecocenter LLC. Occurrence dataset https://doi.org/10.15468/fggsfn accessed via GBIF.org on 2025-01-22.</citation>
                <physical>
                    <objectName>Web-GIS Faunistics</objectName>
                    <characterEncoding>UTF-8</characterEncoding>
                    <dataFormat>
                        <externallyDefinedFormat>
                            <formatName>on-line</formatName>
                            <formatVersion>2018</formatVersion>
                        </externallyDefinedFormat>
                    </dataFormat>
                    <distribution>
                        <online>
                            <url function="download">http://raptors.wildlifemonitoring.ru/</url>
                        </online>
                    </distribution>
                </physical>
                <resourceLogoUrl>http://rrrcn.ru/wp-content/uploads/2015/10/wildlifemonitoring3.png</resourceLogoUrl>
            </gbif>
        </metadata>
    </additionalMetadata>
    </eml:eml>
